 59 ST,  456NQRW,  03/25/2017, 18277, 
 181 ST,  A,  03/25/2017, 7013, 
 181 ST,  A,  03/25/2017, 7013, 
 DYCKMAN ST,  A,  03/25/2017, 4533, 
 CHAMBERS ST,  ACE23,  03/25/2017, 7205, 
 14 ST,  ACEL,  03/25/2017, 10402, 
 103 ST,  BC,  03/25/2017, 2977, 
 103 ST,  BC,  03/25/2017, 2977, 
 72 ST,  BC,  03/25/2017, 4891, 
 86 ST,  BC,  03/25/2017, 4516, 
 96 ST,  BC,  03/25/2017, 4080, 
 CATHEDRAL PKWY,  BC,  03/25/2017, 4681, 
 155 ST,  C,  03/25/2017, 1942, 
 6 AV,  FLM123,  03/25/2017, 3890, 
 23 ST,  FM,  03/25/2017, 5372, 
 CANAL ST,  JNQRZ6W,  03/25/2017, 36874, 
 1 AV,  L,  03/25/2017, 13949, 
 57 ST-7 AV,  NQRW,  03/25/2017, 18119, 
 23 ST,  NRW,  03/25/2017, 14002, 
 RECTOR ST,  NRW,  03/25/2017, 3704, 
 59 ST,  456NQRW,  03/26/2017, 13049, 
 181 ST,  A,  03/26/2017, 5541, 
 181 ST,  A,  03/26/2017, 5541, 
 DYCKMAN ST,  A,  03/26/2017, 3225, 
 CHAMBERS ST,  ACE23,  03/26/2017, 4619, 
 14 ST,  ACEL,  03/26/2017, 7515, 
 103 ST,  BC,  03/26/2017, 2058, 
 103 ST,  BC,  03/26/2017, 2058, 
 72 ST,  BC,  03/26/2017, 3454, 
 86 ST,  BC,  03/26/2017, 3717, 
 96 ST,  BC,  03/26/2017, 3065, 
 CATHEDRAL PKWY,  BC,  03/26/2017, 3518, 
 155 ST,  C,  03/26/2017, 1490, 
 6 AV,  FLM123,  03/26/2017, 2632, 
 23 ST,  FM,  03/26/2017, 3684, 
 CANAL ST,  JNQRZ6W,  03/26/2017, 28004, 
 1 AV,  L,  03/26/2017, 11359, 
 57 ST-7 AV,  NQRW,  03/26/2017, 15046, 
 23 ST,  NRW,  03/26/2017, 10103, 
 RECTOR ST,  NRW,  03/26/2017, 2513, 
 59 ST,  456NQRW,  03/27/2017, 36089, 
 181 ST,  A,  03/27/2017, 10974, 
 181 ST,  A,  03/27/2017, 10974, 
 DYCKMAN ST,  A,  03/27/2017, 6433, 
 CHAMBERS ST,  ACE23,  03/27/2017, 30384, 
 14 ST,  ACEL,  03/27/2017, 18215, 
 103 ST,  BC,  03/27/2017, 4422, 
 103 ST,  BC,  03/27/2017, 4422, 
 72 ST,  BC,  03/27/2017, 7379, 
 86 ST,  BC,  03/27/2017, 9503, 
 96 ST,  BC,  03/27/2017, 8698, 
 CATHEDRAL PKWY,  BC,  03/27/2017, 7093, 
 155 ST,  C,  03/27/2017, 2760, 
 6 AV,  FLM123,  03/27/2017, 4692, 
 23 ST,  FM,  03/27/2017, 25832, 
 CANAL ST,  JNQRZ6W,  03/27/2017, 40908, 
 1 AV,  L,  03/27/2017, 18999, 
 57 ST-7 AV,  NQRW,  03/27/2017, 28461, 
 23 ST,  NRW,  03/27/2017, 21263, 
 RECTOR ST,  NRW,  03/27/2017, 6443, 
 59 ST,  456NQRW,  03/28/2017, 38653, 
 181 ST,  A,  03/28/2017, 11199, 
 181 ST,  A,  03/28/2017, 11199, 
 DYCKMAN ST,  A,  03/28/2017, 6706, 
 CHAMBERS ST,  ACE23,  03/28/2017, 32440, 
 14 ST,  ACEL,  03/28/2017, 20369, 
 103 ST,  BC,  03/28/2017, 4365, 
 103 ST,  BC,  03/28/2017, 4365, 
 72 ST,  BC,  03/28/2017, 7015, 
 86 ST,  BC,  03/28/2017, 9423, 
 96 ST,  BC,  03/28/2017, 8771, 
 CATHEDRAL PKWY,  BC,  03/28/2017, 6963, 
 155 ST,  C,  03/28/2017, 2797, 
 6 AV,  FLM123,  03/28/2017, 4903, 
 23 ST,  FM,  03/28/2017, 27893, 
 CANAL ST,  JNQRZ6W,  03/28/2017, 42139, 
 1 AV,  L,  03/28/2017, 19348, 
 57 ST-7 AV,  NQRW,  03/28/2017, 30033, 
 23 ST,  NRW,  03/28/2017, 23767, 
 RECTOR ST,  NRW,  03/28/2017, 6767, 
 59 ST,  456NQRW,  03/29/2017, 39466, 
 181 ST,  A,  03/29/2017, 11694, 
 181 ST,  A,  03/29/2017, 11694, 
 DYCKMAN ST,  A,  03/29/2017, 7020, 
 CHAMBERS ST,  ACE23,  03/29/2017, 32077, 
 14 ST,  ACEL,  03/29/2017, 19156, 
 103 ST,  BC,  03/29/2017, 4718, 
 103 ST,  BC,  03/29/2017, 4718, 
 72 ST,  BC,  03/29/2017, 8154, 
 86 ST,  BC,  03/29/2017, 10099, 
 96 ST,  BC,  03/29/2017, 9403, 
 CATHEDRAL PKWY,  BC,  03/29/2017, 7551, 
 155 ST,  C,  03/29/2017, 2817, 
 6 AV,  FLM123,  03/29/2017, 5026, 
 23 ST,  FM,  03/29/2017, 27607, 
 CANAL ST,  JNQRZ6W,  03/29/2017, 44677, 
 1 AV,  L,  03/29/2017, 19715, 
 57 ST-7 AV,  NQRW,  03/29/2017, 30868, 
 23 ST,  NRW,  03/29/2017, 23728, 
 RECTOR ST,  NRW,  03/29/2017, 7057, 
 59 ST,  456NQRW,  03/30/2017, 39823, 
 181 ST,  A,  03/30/2017, 11670, 
 181 ST,  A,  03/30/2017, 11670, 
 DYCKMAN ST,  A,  03/30/2017, 7024, 
 CHAMBERS ST,  ACE23,  03/30/2017, 32203, 
 14 ST,  ACEL,  03/30/2017, 20056, 
 103 ST,  BC,  03/30/2017, 4783, 
 103 ST,  BC,  03/30/2017, 4783, 
 72 ST,  BC,  03/30/2017, 8065, 
 86 ST,  BC,  03/30/2017, 10177, 
 96 ST,  BC,  03/30/2017, 9322, 
 CATHEDRAL PKWY,  BC,  03/30/2017, 7563, 
 155 ST,  C,  03/30/2017, 2847, 
 6 AV,  FLM123,  03/30/2017, 4987, 
 23 ST,  FM,  03/30/2017, 28077, 
 CANAL ST,  JNQRZ6W,  03/30/2017, 44512, 
 1 AV,  L,  03/30/2017, 19907, 
 57 ST-7 AV,  NQRW,  03/30/2017, 30893, 
 23 ST,  NRW,  03/30/2017, 23549, 
 RECTOR ST,  NRW,  03/30/2017, 6873, 
 59 ST,  456NQRW,  03/31/2017, 37390, 
 181 ST,  A,  03/31/2017, 10874, 
 181 ST,  A,  03/31/2017, 10874, 
 DYCKMAN ST,  A,  03/31/2017, 6579, 
 CHAMBERS ST,  ACE23,  03/31/2017, 28269, 
 14 ST,  ACEL,  03/31/2017, 21418, 
 103 ST,  BC,  03/31/2017, 4580, 
 103 ST,  BC,  03/31/2017, 4580, 
 72 ST,  BC,  03/31/2017, 7075, 
 86 ST,  BC,  03/31/2017, 9224, 
 96 ST,  BC,  03/31/2017, 8364, 
 CATHEDRAL PKWY,  BC,  03/31/2017, 7154, 
 155 ST,  C,  03/31/2017, 2833, 
 6 AV,  FLM123,  03/31/2017, 5274, 
 23 ST,  FM,  03/31/2017, 26483, 
 CANAL ST,  JNQRZ6W,  03/31/2017, 40459, 
 1 AV,  L,  03/31/2017, 20652, 
 57 ST-7 AV,  NQRW,  03/31/2017, 29006, 
 23 ST,  NRW,  03/31/2017, 23113, 
 RECTOR ST,  NRW,  03/31/2017, 6164, 
 59 ST,  456NQRW,  04/01/2017, 21552, 
 181 ST,  A,  04/01/2017, 6908, 
 181 ST,  A,  04/01/2017, 6908, 
 DYCKMAN ST,  A,  04/01/2017, 4340, 
 CHAMBERS ST,  ACE23,  04/01/2017, 9705, 
 14 ST,  ACEL,  04/01/2017, 9770, 
 103 ST,  BC,  04/01/2017, 2571, 
 103 ST,  BC,  04/01/2017, 2571, 
 72 ST,  BC,  04/01/2017, 4695, 
 86 ST,  BC,  04/01/2017, 4183, 
 96 ST,  BC,  04/01/2017, 3662, 
 CATHEDRAL PKWY,  BC,  04/01/2017, 4369, 
 155 ST,  C,  04/01/2017, 1995, 
 6 AV,  FLM123,  04/01/2017, 3846, 
 23 ST,  FM,  04/01/2017, 10329, 
 CANAL ST,  JNQRZ6W,  04/01/2017, 41707, 
 1 AV,  L,  04/01/2017, 13630, 
 57 ST-7 AV,  NQRW,  04/01/2017, 19165, 
 23 ST,  NRW,  04/01/2017, 12299, 
 RECTOR ST,  NRW,  04/01/2017, 5338, 
 59 ST,  456NQRW,  04/02/2017, 15075, 
 181 ST,  A,  04/02/2017, 5752, 
 181 ST,  A,  04/02/2017, 5752, 
 DYCKMAN ST,  A,  04/02/2017, 3679, 
 CHAMBERS ST,  ACE23,  04/02/2017, 7992, 
 14 ST,  ACEL,  04/02/2017, 7893, 
 103 ST,  BC,  04/02/2017, 2246, 
 103 ST,  BC,  04/02/2017, 2246, 
 72 ST,  BC,  04/02/2017, 5426, 
 86 ST,  BC,  04/02/2017, 4059, 
 96 ST,  BC,  04/02/2017, 3576, 
 CATHEDRAL PKWY,  BC,  04/02/2017, 3773, 
 155 ST,  C,  04/02/2017, 1507, 
 6 AV,  FLM123,  04/02/2017, 3028, 
 23 ST,  FM,  04/02/2017, 8141, 
 CANAL ST,  JNQRZ6W,  04/02/2017, 36997, 
 1 AV,  L,  04/02/2017, 12219, 
 57 ST-7 AV,  NQRW,  04/02/2017, 17476, 
 23 ST,  NRW,  04/02/2017, 9738, 
 RECTOR ST,  NRW,  04/02/2017, 4259, 
 59 ST,  456NQRW,  04/03/2017, 38692, 
 181 ST,  A,  04/03/2017, 11144, 
 181 ST,  A,  04/03/2017, 11144, 
 DYCKMAN ST,  A,  04/03/2017, 6681, 
 CHAMBERS ST,  ACE23,  04/03/2017, 31771, 
 14 ST,  ACEL,  04/03/2017, 18575, 
 103 ST,  BC,  04/03/2017, 4656, 
 103 ST,  BC,  04/03/2017, 4656, 
 72 ST,  BC,  04/03/2017, 7982, 
 86 ST,  BC,  04/03/2017, 10315, 
 96 ST,  BC,  04/03/2017, 9473, 
 CATHEDRAL PKWY,  BC,  04/03/2017, 7327, 
 155 ST,  C,  04/03/2017, 2764, 
 6 AV,  FLM123,  04/03/2017, 5246, 
 23 ST,  FM,  04/03/2017, 27281, 
 CANAL ST,  JNQRZ6W,  04/03/2017, 43729, 
 1 AV,  L,  04/03/2017, 18687, 
 57 ST-7 AV,  NQRW,  04/03/2017, 29023, 
 23 ST,  NRW,  04/03/2017, 22104, 
 RECTOR ST,  NRW,  04/03/2017, 6655, 
 59 ST,  456NQRW,  04/04/2017, 38812, 
 181 ST,  A,  04/04/2017, 11457, 
 181 ST,  A,  04/04/2017, 11457, 
 DYCKMAN ST,  A,  04/04/2017, 6810, 
 CHAMBERS ST,  ACE23,  04/04/2017, 32259, 
 14 ST,  ACEL,  04/04/2017, 18914, 
 103 ST,  BC,  04/04/2017, 4546, 
 103 ST,  BC,  04/04/2017, 4546, 
 72 ST,  BC,  04/04/2017, 7857, 
 86 ST,  BC,  04/04/2017, 10828, 
 96 ST,  BC,  04/04/2017, 9588, 
 CATHEDRAL PKWY,  BC,  04/04/2017, 7141, 
 155 ST,  C,  04/04/2017, 2774, 
 6 AV,  FLM123,  04/04/2017, 5052, 
 23 ST,  FM,  04/04/2017, 27763, 
 CANAL ST,  JNQRZ6W,  04/04/2017, 41807, 
 1 AV,  L,  04/04/2017, 19266, 
 57 ST-7 AV,  NQRW,  04/04/2017, 30213, 
 23 ST,  NRW,  04/04/2017, 22879, 
 RECTOR ST,  NRW,  04/04/2017, 6602, 
 59 ST,  456NQRW,  04/05/2017, 41052, 
 181 ST,  A,  04/05/2017, 11792, 
 181 ST,  A,  04/05/2017, 11792, 
 DYCKMAN ST,  A,  04/05/2017, 7155, 
 CHAMBERS ST,  ACE23,  04/05/2017, 32644, 
 14 ST,  ACEL,  04/05/2017, 19084, 
 103 ST,  BC,  04/05/2017, 4779, 
 103 ST,  BC,  04/05/2017, 4779, 
 72 ST,  BC,  04/05/2017, 8870, 
 86 ST,  BC,  04/05/2017, 11300, 
 96 ST,  BC,  04/05/2017, 10051, 
 CATHEDRAL PKWY,  BC,  04/05/2017, 7660, 
 155 ST,  C,  04/05/2017, 2938, 
 6 AV,  FLM123,  04/05/2017, 5298, 
 23 ST,  FM,  04/05/2017, 28421, 
 CANAL ST,  JNQRZ6W,  04/05/2017, 45356, 
 1 AV,  L,  04/05/2017, 19354, 
 57 ST-7 AV,  NQRW,  04/05/2017, 31610, 
 23 ST,  NRW,  04/05/2017, 23836, 
 RECTOR ST,  NRW,  04/05/2017, 7091, 
 59 ST,  456NQRW,  04/06/2017, 39107, 
 181 ST,  A,  04/06/2017, 11279, 
 181 ST,  A,  04/06/2017, 11279, 
 DYCKMAN ST,  A,  04/06/2017, 6756, 
 CHAMBERS ST,  ACE23,  04/06/2017, 31216, 
 14 ST,  ACEL,  04/06/2017, 20051, 
 103 ST,  BC,  04/06/2017, 4632, 
 103 ST,  BC,  04/06/2017, 4632, 
 72 ST,  BC,  04/06/2017, 7981, 
 86 ST,  BC,  04/06/2017, 10738, 
 96 ST,  BC,  04/06/2017, 9495, 
 CATHEDRAL PKWY,  BC,  04/06/2017, 7081, 
 155 ST,  C,  04/06/2017, 2812, 
 6 AV,  FLM123,  04/06/2017, 5386, 
 23 ST,  FM,  04/06/2017, 27240, 
 CANAL ST,  JNQRZ6W,  04/06/2017, 40095, 
 1 AV,  L,  04/06/2017, 20092, 
 57 ST-7 AV,  NQRW,  04/06/2017, 30255, 
 23 ST,  NRW,  04/06/2017, 22894, 
 RECTOR ST,  NRW,  04/06/2017, 6550, 
 59 ST,  456NQRW,  04/07/2017, 39703, 
 181 ST,  A,  04/07/2017, 11202, 
 181 ST,  A,  04/07/2017, 11202, 
 DYCKMAN ST,  A,  04/07/2017, 7032, 
 CHAMBERS ST,  ACE23,  04/07/2017, 29060, 
 14 ST,  ACEL,  04/07/2017, 19645, 
 103 ST,  BC,  04/07/2017, 4651, 
 103 ST,  BC,  04/07/2017, 4651, 
 72 ST,  BC,  04/07/2017, 8079, 
 86 ST,  BC,  04/07/2017, 10355, 
 96 ST,  BC,  04/07/2017, 9314, 
 CATHEDRAL PKWY,  BC,  04/07/2017, 7724, 
 155 ST,  C,  04/07/2017, 2828, 
 6 AV,  FLM123,  04/07/2017, 5219, 
 23 ST,  FM,  04/07/2017, 26976, 
 CANAL ST,  JNQRZ6W,  04/07/2017, 46513, 
 1 AV,  L,  04/07/2017, 20185, 
 57 ST-7 AV,  NQRW,  04/07/2017, 30184, 
 23 ST,  NRW,  04/07/2017, 22325, 
 RECTOR ST,  NRW,  04/07/2017, 6555, 
 59 ST,  456NQRW,  04/08/2017, 21193, 
 181 ST,  A,  04/08/2017, 6963, 
 181 ST,  A,  04/08/2017, 6963, 
 DYCKMAN ST,  A,  04/08/2017, 4519, 
 CHAMBERS ST,  ACE23,  04/08/2017, 10238, 
 14 ST,  ACEL,  04/08/2017, 11448, 
 103 ST,  BC,  04/08/2017, 2883, 
 103 ST,  BC,  04/08/2017, 2883, 
 72 ST,  BC,  04/08/2017, 5608, 
 86 ST,  BC,  04/08/2017, 4679, 
 96 ST,  BC,  04/08/2017, 4195, 
 CATHEDRAL PKWY,  BC,  04/08/2017, 4752, 
 155 ST,  C,  04/08/2017, 1932, 
 6 AV,  FLM123,  04/08/2017, 4218, 
 23 ST,  FM,  04/08/2017, 5466, 
 CANAL ST,  JNQRZ6W,  04/08/2017, 38840, 
 1 AV,  L,  04/08/2017, 14773, 
 57 ST-7 AV,  NQRW,  04/08/2017, 19088, 
 23 ST,  NRW,  04/08/2017, 14564, 
 RECTOR ST,  NRW,  04/08/2017, 3875, 
 59 ST,  456NQRW,  04/09/2017, 16483, 
 181 ST,  A,  04/09/2017, 5833, 
 181 ST,  A,  04/09/2017, 5833, 
 DYCKMAN ST,  A,  04/09/2017, 3853, 
 CHAMBERS ST,  ACE23,  04/09/2017, 7859, 
 14 ST,  ACEL,  04/09/2017, 9009, 
 103 ST,  BC,  04/09/2017, 2462, 
 103 ST,  BC,  04/09/2017, 2462, 
 72 ST,  BC,  04/09/2017, 6839, 
 86 ST,  BC,  04/09/2017, 4329, 
 96 ST,  BC,  04/09/2017, 4079, 
 CATHEDRAL PKWY,  BC,  04/09/2017, 4180, 
 155 ST,  C,  04/09/2017, 1604, 
 6 AV,  FLM123,  04/09/2017, 3190, 
 23 ST,  FM,  04/09/2017, 4088, 
 CANAL ST,  JNQRZ6W,  04/09/2017, 31591, 
 1 AV,  L,  04/09/2017, 11968, 
 57 ST-7 AV,  NQRW,  04/09/2017, 16804, 
 23 ST,  NRW,  04/09/2017, 11183, 
 RECTOR ST,  NRW,  04/09/2017, 2951, 
 59 ST,  456NQRW,  04/10/2017, 36994, 
 181 ST,  A,  04/10/2017, 9596, 
 181 ST,  A,  04/10/2017, 9596, 
 DYCKMAN ST,  A,  04/10/2017, 6110, 
 CHAMBERS ST,  ACE23,  04/10/2017, 25362, 
 14 ST,  ACEL,  04/10/2017, 15623, 
 103 ST,  BC,  04/10/2017, 4236, 
 103 ST,  BC,  04/10/2017, 4236, 
 72 ST,  BC,  04/10/2017, 8939, 
 86 ST,  BC,  04/10/2017, 9438, 
 96 ST,  BC,  04/10/2017, 8677, 
 CATHEDRAL PKWY,  BC,  04/10/2017, 6724, 
 155 ST,  C,  04/10/2017, 2326, 
 6 AV,  FLM123,  04/10/2017, 4695, 
 23 ST,  FM,  04/10/2017, 24909, 
 CANAL ST,  JNQRZ6W,  04/10/2017, 45984, 
 1 AV,  L,  04/10/2017, 16491, 
 57 ST-7 AV,  NQRW,  04/10/2017, 28390, 
 23 ST,  NRW,  04/10/2017, 19929, 
 RECTOR ST,  NRW,  04/10/2017, 6437, 
 59 ST,  456NQRW,  04/11/2017, 37620, 
 181 ST,  A,  04/11/2017, 9761, 
 181 ST,  A,  04/11/2017, 9761, 
 DYCKMAN ST,  A,  04/11/2017, 6369, 
 CHAMBERS ST,  ACE23,  04/11/2017, 26414, 
 14 ST,  ACEL,  04/11/2017, 16732, 
 103 ST,  BC,  04/11/2017, 4482, 
 103 ST,  BC,  04/11/2017, 4482, 
 72 ST,  BC,  04/11/2017, 9598, 
 86 ST,  BC,  04/11/2017, 9166, 
 96 ST,  BC,  04/11/2017, 8477, 
 CATHEDRAL PKWY,  BC,  04/11/2017, 7159, 
 155 ST,  C,  04/11/2017, 2441, 
 6 AV,  FLM123,  04/11/2017, 4671, 
 23 ST,  FM,  04/11/2017, 25890, 
 CANAL ST,  JNQRZ6W,  04/11/2017, 47138, 
 1 AV,  L,  04/11/2017, 16909, 
 57 ST-7 AV,  NQRW,  04/11/2017, 29317, 
 23 ST,  NRW,  04/11/2017, 21137, 
 RECTOR ST,  NRW,  04/11/2017, 6770, 
 59 ST,  456NQRW,  04/12/2017, 38451, 
 181 ST,  A,  04/12/2017, 9738, 
 181 ST,  A,  04/12/2017, 9738, 
 DYCKMAN ST,  A,  04/12/2017, 6174, 
 CHAMBERS ST,  ACE23,  04/12/2017, 25648, 
 14 ST,  ACEL,  04/12/2017, 16124, 
 103 ST,  BC,  04/12/2017, 4168, 
 103 ST,  BC,  04/12/2017, 4168, 
 72 ST,  BC,  04/12/2017, 9010, 
 86 ST,  BC,  04/12/2017, 9751, 
 96 ST,  BC,  04/12/2017, 8710, 
 CATHEDRAL PKWY,  BC,  04/12/2017, 7201, 
 155 ST,  C,  04/12/2017, 2405, 
 6 AV,  FLM123,  04/12/2017, 4900, 
 23 ST,  FM,  04/12/2017, 25819, 
 CANAL ST,  JNQRZ6W,  04/12/2017, 45170, 
 1 AV,  L,  04/12/2017, 15338, 
 57 ST-7 AV,  NQRW,  04/12/2017, 29358, 
 23 ST,  NRW,  04/12/2017, 20938, 
 RECTOR ST,  NRW,  04/12/2017, 6447, 
 59 ST,  456NQRW,  04/13/2017, 39477, 
 181 ST,  A,  04/13/2017, 10186, 
 181 ST,  A,  04/13/2017, 10186, 
 DYCKMAN ST,  A,  04/13/2017, 6460, 
 CHAMBERS ST,  ACE23,  04/13/2017, 26886, 
 14 ST,  ACEL,  04/13/2017, 17468, 
 103 ST,  BC,  04/13/2017, 4477, 
 103 ST,  BC,  04/13/2017, 4477, 
 72 ST,  BC,  04/13/2017, 9432, 
 86 ST,  BC,  04/13/2017, 10338, 
 96 ST,  BC,  04/13/2017, 9072, 
 CATHEDRAL PKWY,  BC,  04/13/2017, 7139, 
 155 ST,  C,  04/13/2017, 2525, 
 6 AV,  FLM123,  04/13/2017, 4912, 
 23 ST,  FM,  04/13/2017, 27224, 
 CANAL ST,  JNQRZ6W,  04/13/2017, 48723, 
 1 AV,  L,  04/13/2017, 17198, 
 57 ST-7 AV,  NQRW,  04/13/2017, 30294, 
 23 ST,  NRW,  04/13/2017, 21681, 
 RECTOR ST,  NRW,  04/13/2017, 7168, 
 59 ST,  456NQRW,  04/14/2017, 31382, 
 181 ST,  A,  04/14/2017, 9152, 
 181 ST,  A,  04/14/2017, 9152, 
 DYCKMAN ST,  A,  04/14/2017, 5780, 
 CHAMBERS ST,  ACE23,  04/14/2017, 20955, 
 14 ST,  ACEL,  04/14/2017, 15841, 
 103 ST,  BC,  04/14/2017, 4247, 
 103 ST,  BC,  04/14/2017, 4247, 
 72 ST,  BC,  04/14/2017, 8899, 
 86 ST,  BC,  04/14/2017, 8192, 
 96 ST,  BC,  04/14/2017, 7520, 
 CATHEDRAL PKWY,  BC,  04/14/2017, 6864, 
 155 ST,  C,  04/14/2017, 2327, 
 6 AV,  FLM123,  04/14/2017, 4914, 
 23 ST,  FM,  04/14/2017, 22227, 
 CANAL ST,  JNQRZ6W,  04/14/2017, 47011, 
 1 AV,  L,  04/14/2017, 16460, 
 57 ST-7 AV,  NQRW,  04/14/2017, 25351, 
 23 ST,  NRW,  04/14/2017, 18854, 
 RECTOR ST,  NRW,  04/14/2017, 5886, 
 59 ST,  456NQRW,  04/15/2017, 20687, 
 181 ST,  A,  04/15/2017, 6296, 
 181 ST,  A,  04/15/2017, 6296, 
 DYCKMAN ST,  A,  04/15/2017, 4264, 
 CHAMBERS ST,  ACE23,  04/15/2017, 6941, 
 14 ST,  ACEL,  04/15/2017, 8929, 
 103 ST,  BC,  04/15/2017, 1660, 
 103 ST,  BC,  04/15/2017, 1660, 
 72 ST,  BC,  04/15/2017, 1841, 
 86 ST,  BC,  04/15/2017, 2172, 
 96 ST,  BC,  04/15/2017, 2681, 
 CATHEDRAL PKWY,  BC,  04/15/2017, 2432, 
 155 ST,  C,  04/15/2017, 1754, 
 6 AV,  FLM123,  04/15/2017, 3669, 
 23 ST,  FM,  04/15/2017, 10648, 
 CANAL ST,  JNQRZ6W,  04/15/2017, 37720, 
 1 AV,  L,  04/15/2017, 11837, 
 57 ST-7 AV,  NQRW,  04/15/2017, 19624, 
 23 ST,  NRW,  04/15/2017, 11803, 
 RECTOR ST,  NRW,  04/15/2017, 7537, 
 59 ST,  456NQRW,  04/16/2017, 14410, 
 181 ST,  A,  04/16/2017, 5149, 
 181 ST,  A,  04/16/2017, 5149, 
 DYCKMAN ST,  A,  04/16/2017, 3565, 
 CHAMBERS ST,  ACE23,  04/16/2017, 4613, 
 14 ST,  ACEL,  04/16/2017, 6632, 
 103 ST,  BC,  04/16/2017, 1561, 
 103 ST,  BC,  04/16/2017, 1561, 
 72 ST,  BC,  04/16/2017, 2243, 
 86 ST,  BC,  04/16/2017, 1950, 
 96 ST,  BC,  04/16/2017, 2228, 
 CATHEDRAL PKWY,  BC,  04/16/2017, 2133, 
 155 ST,  C,  04/16/2017, 1415, 
 6 AV,  FLM123,  04/16/2017, 2481, 
 23 ST,  FM,  04/16/2017, 7728, 
 CANAL ST,  JNQRZ6W,  04/16/2017, 29492, 
 1 AV,  L,  04/16/2017, 8667, 
 57 ST-7 AV,  NQRW,  04/16/2017, 16088, 
 23 ST,  NRW,  04/16/2017, 8655, 
 RECTOR ST,  NRW,  04/16/2017, 5113, 
 59 ST,  456NQRW,  04/17/2017, 34393, 
 181 ST,  A,  04/17/2017, 9042, 
 181 ST,  A,  04/17/2017, 9042, 
 DYCKMAN ST,  A,  04/17/2017, 5836, 
 CHAMBERS ST,  ACE23,  04/17/2017, 24340, 
 14 ST,  ACEL,  04/17/2017, 14756, 
 103 ST,  BC,  04/17/2017, 3997, 
 103 ST,  BC,  04/17/2017, 3997, 
 72 ST,  BC,  04/17/2017, 7897, 
 86 ST,  BC,  04/17/2017, 8901, 
 96 ST,  BC,  04/17/2017, 8255, 
 CATHEDRAL PKWY,  BC,  04/17/2017, 6526, 
 155 ST,  C,  04/17/2017, 2219, 
 6 AV,  FLM123,  04/17/2017, 4402, 
 23 ST,  FM,  04/17/2017, 24779, 
 CANAL ST,  JNQRZ6W,  04/17/2017, 42757, 
 1 AV,  L,  04/17/2017, 15465, 
 57 ST-7 AV,  NQRW,  04/17/2017, 27035, 
 23 ST,  NRW,  04/17/2017, 18957, 
 RECTOR ST,  NRW,  04/17/2017, 6209, 
 59 ST,  456NQRW,  04/18/2017, 38165, 
 181 ST,  A,  04/18/2017, 9828, 
 181 ST,  A,  04/18/2017, 9828, 
 DYCKMAN ST,  A,  04/18/2017, 6222, 
 CHAMBERS ST,  ACE23,  04/18/2017, 27067, 
 14 ST,  ACEL,  04/18/2017, 16309, 
 103 ST,  BC,  04/18/2017, 4315, 
 103 ST,  BC,  04/18/2017, 4315, 
 72 ST,  BC,  04/18/2017, 8351, 
 86 ST,  BC,  04/18/2017, 10078, 
 96 ST,  BC,  04/18/2017, 8876, 
 CATHEDRAL PKWY,  BC,  04/18/2017, 6988, 
 155 ST,  C,  04/18/2017, 2365, 
 6 AV,  FLM123,  04/18/2017, 4723, 
 23 ST,  FM,  04/18/2017, 26672, 
 CANAL ST,  JNQRZ6W,  04/18/2017, 44159, 
 1 AV,  L,  04/18/2017, 16673, 
 57 ST-7 AV,  NQRW,  04/18/2017, 30202, 
 23 ST,  NRW,  04/18/2017, 21422, 
 RECTOR ST,  NRW,  04/18/2017, 6529, 
 59 ST,  456NQRW,  04/19/2017, 40508, 
 181 ST,  A,  04/19/2017, 11419, 
 181 ST,  A,  04/19/2017, 11419, 
 DYCKMAN ST,  A,  04/19/2017, 6942, 
 CHAMBERS ST,  ACE23,  04/19/2017, 31552, 
 14 ST,  ACEL,  04/19/2017, 19862, 
 103 ST,  BC,  04/19/2017, 4796, 
 103 ST,  BC,  04/19/2017, 4796, 
 72 ST,  BC,  04/19/2017, 8678, 
 86 ST,  BC,  04/19/2017, 11081, 
 96 ST,  BC,  04/19/2017, 9931, 
 CATHEDRAL PKWY,  BC,  04/19/2017, 7628, 
 155 ST,  C,  04/19/2017, 2904, 
 6 AV,  FLM123,  04/19/2017, 5100, 
 23 ST,  FM,  04/19/2017, 28784, 
 CANAL ST,  JNQRZ6W,  04/19/2017, 44062, 
 1 AV,  L,  04/19/2017, 19488, 
 57 ST-7 AV,  NQRW,  04/19/2017, 31024, 
 23 ST,  NRW,  04/19/2017, 23833, 
 RECTOR ST,  NRW,  04/19/2017, 6829, 
 59 ST,  456NQRW,  04/20/2017, 40358, 
 181 ST,  A,  04/20/2017, 11728, 
 181 ST,  A,  04/20/2017, 11728, 
 DYCKMAN ST,  A,  04/20/2017, 6968, 
 CHAMBERS ST,  ACE23,  04/20/2017, 31644, 
 14 ST,  ACEL,  04/20/2017, 19303, 
 103 ST,  BC,  04/20/2017, 4743, 
 103 ST,  BC,  04/20/2017, 4743, 
 72 ST,  BC,  04/20/2017, 8622, 
 86 ST,  BC,  04/20/2017, 11025, 
 96 ST,  BC,  04/20/2017, 9861, 
 CATHEDRAL PKWY,  BC,  04/20/2017, 7663, 
 155 ST,  C,  04/20/2017, 2863, 
 6 AV,  FLM123,  04/20/2017, 5089, 
 23 ST,  FM,  04/20/2017, 27995, 
 CANAL ST,  JNQRZ6W,  04/20/2017, 43355, 
 1 AV,  L,  04/20/2017, 19786, 
 57 ST-7 AV,  NQRW,  04/20/2017, 30763, 
 23 ST,  NRW,  04/20/2017, 23014, 
 RECTOR ST,  NRW,  04/20/2017, 6814, 
 59 ST,  456NQRW,  04/21/2017, 41723, 
 181 ST,  A,  04/21/2017, 11106, 
 181 ST,  A,  04/21/2017, 11106, 
 DYCKMAN ST,  A,  04/21/2017, 6710, 
 CHAMBERS ST,  ACE23,  04/21/2017, 28284, 
 14 ST,  ACEL,  04/21/2017, 18868, 
 103 ST,  BC,  04/21/2017, 4608, 
 103 ST,  BC,  04/21/2017, 4608, 
 72 ST,  BC,  04/21/2017, 7553, 
 86 ST,  BC,  04/21/2017, 9691, 
 96 ST,  BC,  04/21/2017, 8628, 
 CATHEDRAL PKWY,  BC,  04/21/2017, 7218, 
 155 ST,  C,  04/21/2017, 2678, 
 6 AV,  FLM123,  04/21/2017, 4977, 
 23 ST,  FM,  04/21/2017, 25312, 
 CANAL ST,  JNQRZ6W,  04/21/2017, 47209, 
 1 AV,  L,  04/21/2017, 19871, 
 57 ST-7 AV,  NQRW,  04/21/2017, 33428, 
 23 ST,  NRW,  04/21/2017, 21724, 
 RECTOR ST,  NRW,  04/21/2017, 6580, 
 59 ST,  456NQRW,  04/22/2017, 21378, 
 181 ST,  A,  04/22/2017, 7079, 
 181 ST,  A,  04/22/2017, 7079, 
 DYCKMAN ST,  A,  04/22/2017, 4364, 
 CHAMBERS ST,  ACE23,  04/22/2017, 8081, 
 14 ST,  ACEL,  04/22/2017, 10779, 
 103 ST,  BC,  04/22/2017, 1510, 
 103 ST,  BC,  04/22/2017, 1510, 
 72 ST,  BC,  04/22/2017, 1934, 
 86 ST,  BC,  04/22/2017, 2012, 
 96 ST,  BC,  04/22/2017, 1863, 
 CATHEDRAL PKWY,  BC,  04/22/2017, 2298, 
 155 ST,  C,  04/22/2017, 1810, 
 6 AV,  FLM123,  04/22/2017, 4347, 
 23 ST,  FM,  04/22/2017, 14251, 
 CANAL ST,  JNQRZ6W,  04/22/2017, 36638, 
 1 AV,  L,  04/22/2017, 14840, 
 57 ST-7 AV,  NQRW,  04/22/2017, 21708, 
 23 ST,  NRW,  04/22/2017, 15934, 
 RECTOR ST,  NRW,  04/22/2017, 7641, 
 59 ST,  456NQRW,  04/23/2017, 16367, 
 181 ST,  A,  04/23/2017, 6021, 
 181 ST,  A,  04/23/2017, 6021, 
 DYCKMAN ST,  A,  04/23/2017, 3662, 
 CHAMBERS ST,  ACE23,  04/23/2017, 5507, 
 14 ST,  ACEL,  04/23/2017, 7666, 
 103 ST,  BC,  04/23/2017, 1315, 
 103 ST,  BC,  04/23/2017, 1315, 
 72 ST,  BC,  04/23/2017, 1921, 
 86 ST,  BC,  04/23/2017, 1805, 
 96 ST,  BC,  04/23/2017, 1661, 
 CATHEDRAL PKWY,  BC,  04/23/2017, 1786, 
 155 ST,  C,  04/23/2017, 1588, 
 6 AV,  FLM123,  04/23/2017, 3188, 
 23 ST,  FM,  04/23/2017, 9008, 
 CANAL ST,  JNQRZ6W,  04/23/2017, 30350, 
 1 AV,  L,  04/23/2017, 11744, 
 57 ST-7 AV,  NQRW,  04/23/2017, 17122, 
 23 ST,  NRW,  04/23/2017, 10420, 
 RECTOR ST,  NRW,  04/23/2017, 5438, 
 59 ST,  456NQRW,  04/24/2017, 37941, 
 181 ST,  A,  04/24/2017, 10996, 
 181 ST,  A,  04/24/2017, 10996, 
 DYCKMAN ST,  A,  04/24/2017, 6691, 
 CHAMBERS ST,  ACE23,  04/24/2017, 31269, 
 14 ST,  ACEL,  04/24/2017, 18466, 
 103 ST,  BC,  04/24/2017, 4633, 
 103 ST,  BC,  04/24/2017, 4633, 
 72 ST,  BC,  04/24/2017, 7605, 
 86 ST,  BC,  04/24/2017, 10489, 
 96 ST,  BC,  04/24/2017, 9297, 
 CATHEDRAL PKWY,  BC,  04/24/2017, 6999, 
 155 ST,  C,  04/24/2017, 2681, 
 6 AV,  FLM123,  04/24/2017, 4787, 
 23 ST,  FM,  04/24/2017, 27198, 
 CANAL ST,  JNQRZ6W,  04/24/2017, 43680, 
 1 AV,  L,  04/24/2017, 18351, 
 57 ST-7 AV,  NQRW,  04/24/2017, 29502, 
 23 ST,  NRW,  04/24/2017, 22184, 
 RECTOR ST,  NRW,  04/24/2017, 6908, 
 59 ST,  456NQRW,  04/25/2017, 38874, 
 181 ST,  A,  04/25/2017, 11764, 
 181 ST,  A,  04/25/2017, 11764, 
 DYCKMAN ST,  A,  04/25/2017, 7163, 
 CHAMBERS ST,  ACE23,  04/25/2017, 32028, 
 14 ST,  ACEL,  04/25/2017, 21121, 
 103 ST,  BC,  04/25/2017, 4524, 
 103 ST,  BC,  04/25/2017, 4524, 
 72 ST,  BC,  04/25/2017, 7908, 
 86 ST,  BC,  04/25/2017, 10819, 
 96 ST,  BC,  04/25/2017, 9460, 
 CATHEDRAL PKWY,  BC,  04/25/2017, 7178, 
 155 ST,  C,  04/25/2017, 2806, 
 6 AV,  FLM123,  04/25/2017, 5010, 
 23 ST,  FM,  04/25/2017, 28382, 
 CANAL ST,  JNQRZ6W,  04/25/2017, 40651, 
 1 AV,  L,  04/25/2017, 19238, 
 57 ST-7 AV,  NQRW,  04/25/2017, 30131, 
 23 ST,  NRW,  04/25/2017, 24311, 
 RECTOR ST,  NRW,  04/25/2017, 6566, 
 59 ST,  456NQRW,  04/26/2017, 40199, 
 181 ST,  A,  04/26/2017, 11489, 
 181 ST,  A,  04/26/2017, 11489, 
 DYCKMAN ST,  A,  04/26/2017, 6871, 
 CHAMBERS ST,  ACE23,  04/26/2017, 31859, 
 14 ST,  ACEL,  04/26/2017, 19004, 
 103 ST,  BC,  04/26/2017, 4746, 
 103 ST,  BC,  04/26/2017, 4746, 
 72 ST,  BC,  04/26/2017, 8221, 
 96 ST,  BC,  04/26/2017, 9786, 
 CATHEDRAL PKWY,  BC,  04/26/2017, 7595, 
 155 ST,  C,  04/26/2017, 2832, 
 6 AV,  FLM123,  04/26/2017, 5099, 
 23 ST,  FM,  04/26/2017, 28324, 
 CANAL ST,  JNQRZ6W,  04/26/2017, 136403, 
 1 AV,  L,  04/26/2017, 19856, 
 57 ST-7 AV,  NQRW,  04/26/2017, 31112, 
 23 ST,  NRW,  04/26/2017, 23287, 
 RECTOR ST,  NRW,  04/26/2017, 6659, 
 59 ST,  456NQRW,  04/27/2017, 40786, 
 181 ST,  A,  04/27/2017, 11767, 
 181 ST,  A,  04/27/2017, 11767, 
 DYCKMAN ST,  A,  04/27/2017, 7020, 
 CHAMBERS ST,  ACE23,  04/27/2017, 32600, 
 14 ST,  ACEL,  04/27/2017, 19816, 
 103 ST,  BC,  04/27/2017, 4816, 
 103 ST,  BC,  04/27/2017, 4816, 
 72 ST,  BC,  04/27/2017, 8589, 
 96 ST,  BC,  04/27/2017, 9878, 
 CATHEDRAL PKWY,  BC,  04/27/2017, 7616, 
 155 ST,  C,  04/27/2017, 2888, 
 6 AV,  FLM123,  04/27/2017, 5220, 
 23 ST,  FM,  04/27/2017, 28585, 
 CANAL ST,  JNQRZ6W,  04/27/2017, 44582, 
 1 AV,  L,  04/27/2017, 19736, 
 57 ST-7 AV,  NQRW,  04/27/2017, 31460, 
 23 ST,  NRW,  04/27/2017, 23752, 
 RECTOR ST,  NRW,  04/27/2017, 6974, 
 59 ST,  456NQRW,  04/28/2017, 40767, 
 181 ST,  A,  04/28/2017, 11482, 
 181 ST,  A,  04/28/2017, 11482, 
 DYCKMAN ST,  A,  04/28/2017, 6859, 
 CHAMBERS ST,  ACE23,  04/28/2017, 29646, 
 14 ST,  ACEL,  04/28/2017, 19310, 
 103 ST,  BC,  04/28/2017, 4897, 
 103 ST,  BC,  04/28/2017, 4897, 
 72 ST,  BC,  04/28/2017, 9297, 
 96 ST,  BC,  04/28/2017, 9891, 
 CATHEDRAL PKWY,  BC,  04/28/2017, 7802, 
 155 ST,  C,  04/28/2017, 2837, 
 6 AV,  FLM123,  04/28/2017, 5288, 
 23 ST,  FM,  04/28/2017, 26353, 
 CANAL ST,  JNQRZ6W,  04/28/2017, 46243, 
 1 AV,  L,  04/28/2017, 19266, 
 57 ST-7 AV,  NQRW,  04/28/2017, 30167, 
 23 ST,  NRW,  04/28/2017, 21994, 
 RECTOR ST,  NRW,  04/28/2017, 6761,
